Town,Ceremonial county,Status,Link
Abingdon-on-Thames,Oxfordshire,town council1,/wiki/Abingdon-on-Thames
Accrington,Lancashire,borough (1878–1974),/wiki/Accrington
Acle,Norfolk,market charter,/wiki/Acle
Acton,Greater London,borough (1921–1965),"/wiki/Acton,_London"
Adlington,Lancashire,town council1,"/wiki/Adlington,_Lancashire"
Alcester,Warwickshire,town council,/wiki/Alcester
Aldeburgh,Suffolk,town council1,/wiki/Aldeburgh
Aldershot,Hampshire,borough (1922–1974),/wiki/Aldershot
Alford,Lincolnshire,town council1,"/wiki/Alford,_Lincolnshire"
Alfreton,Derbyshire,town council,/wiki/Alfreton
Alnwick,Northumberland,town council1,/wiki/Alnwick
Alsager,Cheshire,town council1,/wiki/Alsager
Alston,Cumbria,market charter,"/wiki/Alston,_Cumbria"
Alton,Hampshire,town council1,"/wiki/Alton,_Hampshire"
Altrincham,Greater Manchester,borough (1937–1974),/wiki/Altrincham
Amble,Northumberland,town council1,/wiki/Amble
Ambleside,Cumbria,market charter,/wiki/Ambleside
Amersham,Buckinghamshire,town council,/wiki/Amersham
Amesbury,Wiltshire,town council,/wiki/Amesbury
Ampthill,Bedfordshire,town council1,/wiki/Ampthill
Andover,Hampshire,borough (1835–1974),"/wiki/Andover,_Hampshire"
Appleby-in-Westmorland,Cumbria,town council1,/wiki/Appleby-in-Westmorland
Arlesey,Bedfordshire,town council,/wiki/Arlesey
Arundel,West Sussex,town council1,/wiki/Arundel
Ashbourne,Derbyshire,town council1,"/wiki/Ashbourne,_Derbyshire"
Ashburton,Devon,town council1,"/wiki/Ashburton,_Devon"
Ashby-de-la-Zouch,Leicestershire,town council1,/wiki/Ashby-de-la-Zouch
Ashby Woulds,Leicestershire,town council1,/wiki/Ashby_Woulds
Ashford,Kent,market charter,"/wiki/Ashford,_Kent"
Ashington,Northumberland,town council,/wiki/Ashington
Ashton-under-Lyne,Greater Manchester,borough (1847–1974),/wiki/Ashton-under-Lyne
Askern,South Yorkshire,town council,/wiki/Askern
Aspatria,Cumbria,town council,/wiki/Aspatria
Atherstone,Warwickshire,town council,/wiki/Atherstone
Attleborough,Norfolk,town council,/wiki/Attleborough
Axbridge,Somerset,town council,/wiki/Axbridge
Axminster,Devon,town council,/wiki/Axminster
Aylesbury,Buckinghamshire,town council,/wiki/Aylesbury
Aylsham,Norfolk,town council,/wiki/Aylsham
Bacup,Lancashire,borough (1883–1974),/wiki/Bacup
Bakewell,Derbyshire,town council1,/wiki/Bakewell
Bampton,Devon,town council,"/wiki/Bampton,_Devon"
Banbury,Oxfordshire,town council,/wiki/Banbury
Barking,Greater London,borough (1931–1965),/wiki/Barking
Barnard Castle,Durham,town council1,/wiki/Barnard_Castle
Barnes,Greater London,borough (1932–1965),"/wiki/Barnes,_London"
Barnet,Greater London,market charter,/wiki/Chipping_Barnet
Barnoldswick,Lancashire,town council,/wiki/Barnoldswick
Barnsley,South Yorkshire,borough (1869–1974),/wiki/Barnsley
Barnstaple,Devon,town council1,/wiki/Barnstaple
Barrow-in-Furness,Cumbria,borough (1867–1974),/wiki/Barrow-in-Furness
Barton-upon-Humber,Lincolnshire,town council1,/wiki/Barton-upon-Humber
Basingstoke,Hampshire,borough (1835–1974),/wiki/Basingstoke
Batley,West Yorkshire,borough (1868–1974),/wiki/Batley
Battle,East Sussex,town council,"/wiki/Battle,_East_Sussex"
Bawtry,South Yorkshire,town council,/wiki/Bawtry
Beaconsfield,Buckinghamshire,town council1,/wiki/Beaconsfield
Beaminster,Dorset,town council,/wiki/Beaminster
Bebington,Merseyside,borough (1937–1974),/wiki/Bebington
Beccles,Suffolk,town council1,/wiki/Beccles
Beckenham,Greater London,borough (1935–1965),/wiki/Beckenham
Bedale,North Yorkshire,town council,/wiki/Bedale
Bedford,Bedfordshire,borough (1835–1974),/wiki/Bedford
Bedworth,Warwickshire,market charter,/wiki/Bedworth
Belper,Derbyshire,town council1,/wiki/Belper
Bentham,North Yorkshire,town council,"/wiki/Bentham,_North_Yorkshire"
Berkeley,Gloucestershire,town council,"/wiki/Berkeley,_Gloucestershire"
Berkhamsted,Hertfordshire,town council1,/wiki/Berkhamsted
Berwick-upon-Tweed,Northumberland,town council,/wiki/Berwick-upon-Tweed
Beverley,East Riding of Yorkshire,town council,/wiki/Beverley
Bewdley,Worcestershire,town council1,/wiki/Bewdley
Bexhill-on-Sea,East Sussex,charter trustees,/wiki/Bexhill-on-Sea
Bexley,Greater London,borough (1937–1965),/wiki/Bexley
Bicester,Oxfordshire,town council1,/wiki/Bicester
Biddulph,Staffordshire,town council1,/wiki/Biddulph
Bideford,Devon,town council1,/wiki/Bideford
Biggleswade,Bedfordshire,town council1,/wiki/Biggleswade
Billericay,Essex,town council,/wiki/Billericay
Billingham,Durham,town council,/wiki/Billingham
Bilston,West Midlands,borough (1938–1967),/wiki/Bilston
Bingham,Nottinghamshire,town council,"/wiki/Bingham,_Nottinghamshire"
Bingley,West Yorkshire,market charter,/wiki/Bingley
Birchwood,Cheshire,town council,/wiki/Birchwood
Birkenhead,Merseyside,borough (1877–1974),/wiki/Birkenhead
Bishop Auckland,Durham,town council,/wiki/Bishop_Auckland
Bishop's Castle,Shropshire,town council,/wiki/Bishop%27s_Castle
Bishop's Stortford,Hertfordshire,town council1,/wiki/Bishop%27s_Stortford
Bishop's Waltham,Hampshire,market charter,/wiki/Bishop%27s_Waltham
Blackburn,Lancashire,borough (1851–1974),/wiki/Blackburn
Blackpool,Lancashire,borough (1867–1974),/wiki/Blackpool
Blackrod,Greater Manchester,town council1,/wiki/Blackrod
Blackwater and Hawley,Hampshire,town council,/wiki/Blackwater_and_Hawley
Blandford Forum,Dorset,town council1,/wiki/Blandford_Forum
Bletchley and Fenny Stratford,Buckinghamshire,town council,/wiki/Bletchley_and_Fenny_Stratford
Blyth,Northumberland,town council,"/wiki/Blyth,_Northumberland"
Bodmin,Cornwall,town council1,/wiki/Bodmin
Bognor Regis,West Sussex,town council,/wiki/Bognor_Regis
Bollington,Cheshire,town council1,/wiki/Bollington
Bolsover,Derbyshire,town council1,/wiki/Bolsover
Bolton,Greater Manchester,borough (1838–1974),/wiki/Bolton
Bootle,Merseyside,borough (1868–1974),/wiki/Bootle
Bordon,Hampshire,town council,/wiki/Bordon
Boroughbridge,North Yorkshire,town council,/wiki/Boroughbridge
Boston,Lincolnshire,town council,"/wiki/Boston,_Lincolnshire"
Bottesford,Lincolnshire,town council,"/wiki/Bottesford,_Lincolnshire"
Bourne,Lincolnshire,town council1,"/wiki/Bourne,_Lincolnshire"
Bournemouth,Dorset,borough (1890–1974),/wiki/Bournemouth
Bovey Tracey,Devon,town council,/wiki/Bovey_Tracey
Brackley,Northamptonshire,town council1,/wiki/Brackley
Bradford-on-Avon,Wiltshire,town council1,/wiki/Bradford-on-Avon
Brading,Isle of Wight,town council,/wiki/Brading
Bradley Stoke,Gloucestershire,town council,/wiki/Bradley_Stoke
Bradninch,Devon,town council,/wiki/Bradninch
Braintree,Essex,market charter,"/wiki/Braintree,_Essex"
Brampton,Cumbria,market charter (1252),"/wiki/Brampton,_Carlisle"
Brandon,Suffolk,town council,"/wiki/Brandon,_Suffolk"
Braunstone Town,Leicestershire,town council,/wiki/Braunstone_Town
Brentford,Greater London,market charter,/wiki/Brentford
Brentwood,Essex,market charter,"/wiki/Brentwood,_Essex"
Bridgnorth,Shropshire,town council,/wiki/Bridgnorth
Bridgwater,Somerset,town council,/wiki/Bridgwater
Bridlington,East Riding of Yorkshire,town council,/wiki/Bridlington
Bridport,Dorset,town council1,/wiki/Bridport
Brierfield,Lancashire,town council,"/wiki/Brierfield,_Lancashire"
Brierley,South Yorkshire,town council,/wiki/Brierley
Brigg,Lincolnshire,town council1,/wiki/Brigg
Brighouse,West Yorkshire,borough (1893–1974),/wiki/Brighouse
Brightlingsea,Essex,town council1,/wiki/Brightlingsea
Brixham,Devon,town council,/wiki/Brixham
Broadstairs and St Peter's,Kent,town council1,/wiki/Broadstairs_and_St_Peter%27s
Bromborough,Merseyside,market charter,/wiki/Bromborough
Bromley,Greater London,borough (1903–1965),/wiki/Bromley
Bromsgrove,Worcestershire,market charter,/wiki/Bromsgrove
Bromyard,Herefordshire,town council,/wiki/Bromyard
Broseley,Shropshire,town council,/wiki/Broseley
Brough,East Riding of Yorkshire,town council,"/wiki/Brough,_East_Riding_of_Yorkshire"
Broughton,Lincolnshire,town council,"/wiki/Broughton,_Lincolnshire"
Broughton-in-Furness,Cumbria,market charter,/wiki/Broughton-in-Furness
Bruton,Somerset,town council,/wiki/Bruton
Buckfastleigh,Devon,town council1,/wiki/Buckfastleigh
Buckingham,Buckinghamshire,town council1,/wiki/Buckingham
Bude-Stratton,Cornwall,town council1,/wiki/Bude-Stratton
Budleigh Salterton,Devon,town council1,/wiki/Budleigh_Salterton
Bulwell,Nottinghamshire,market charter,/wiki/Bulwell
Bungay,Suffolk,town council1,"/wiki/Bungay,_Suffolk"
Buntingford,Hertfordshire,town council,/wiki/Buntingford
Burford,Oxfordshire,town council,/wiki/Burford
Burgess Hill,West Sussex,town council1,/wiki/Burgess_Hill
Burgh-le-Marsh,Lincolnshire,town council,/wiki/Burgh-le-Marsh
Burnham-on-Crouch,Essex,town council1,/wiki/Burnham-on-Crouch
Burnham-on-Sea,Somerset,town council1,/wiki/Burnham-on-Sea
Burnley,Lancashire,borough (1861–1974),/wiki/Burnley
Burntwood,Staffordshire,town council,/wiki/Burntwood
Burslem,Staffordshire,town council,/wiki/Burslem
Burton Latimer,Northamptonshire,town council1,/wiki/Burton_Latimer
Burton upon Trent,Staffordshire,charter trustees (abolished 2003),/wiki/Burton_upon_Trent
Bury,Greater Manchester,borough (1876–1974),/wiki/Bury
Bury St Edmunds,Suffolk,town council,/wiki/Bury_St_Edmunds
Bushey,Hertfordshire,market charter,/wiki/Bushey
Buxton,Derbyshire,borough (1917–1974),/wiki/Buxton
Caistor,Lincolnshire,town council,/wiki/Caistor
Callington,Cornwall,town council,"/wiki/Callington,_Cornwall"
Calne,Wiltshire,town council1,/wiki/Calne
Camborne,Cornwall,town council,/wiki/Camborne
Camelford,Cornwall,town council,/wiki/Camelford
Cannock,Staffordshire,market charter,/wiki/Cannock
Canvey Island,Essex,town council,/wiki/Canvey_Island
Carnforth,Lancashire,town council1,/wiki/Carnforth
Carlton Colville,Suffolk,town council,/wiki/Carlton_Colville
Carshalton,Greater London,Borough (1915-1965),/wiki/Carshalton
Carterton,Oxfordshire,town council,"/wiki/Carterton,_Oxfordshire"
Castle Cary,Somerset,town council,/wiki/Castle_Cary
Castleford,West Yorkshire,borough (1955–1974),/wiki/Castleford
Chagford,Devon,stannary charter,/wiki/Chagford
Chapel-en-le-Frith,Derbyshire,market charter,/wiki/Chapel-en-le-Frith
Chard,Somerset,town council1,"/wiki/Chard,_Somerset"
Charlbury,Oxfordshire,town council,/wiki/Charlbury
Chatham,Kent,borough (1890–1974),"/wiki/Chatham,_Kent"
Chatteris,Cambridgeshire,town council1,/wiki/Chatteris
Cheadle,Staffordshire,town council,"/wiki/Cheadle,_Staffordshire"
Cheltenham,Gloucestershire,borough (1876–1974),/wiki/Cheltenham
Chertsey,Surrey,market charter,/wiki/Chertsey
Chesham,Buckinghamshire,town council1,/wiki/Chesham
Cheshunt,Hertfordshire,market charter,/wiki/Cheshunt
Chesterfield,Derbyshire,borough (1835–1974),/wiki/Chesterfield
Chester-le-Street,Durham,market charter,/wiki/Chester-le-Street
Chickerell,Dorset,town council,/wiki/Chickerell
Chilton,County Durham,town council,"/wiki/Chilton,_County_Durham"
Chingford,Greater London,borough (1938–1965),/wiki/Chingford
Chippenham,Wiltshire,town council,/wiki/Chippenham
Chipping Campden,Gloucestershire,town council,/wiki/Chipping_Campden
Chipping Norton,Oxfordshire,town council1,"/wiki/Chipping_Norton,_Oxfordshire"
Chipping Sodbury,Gloucestershire,town council,/wiki/Chipping_Sodbury
Chorley,Lancashire,borough (1881–1974),/wiki/Chorley
Chorleywood,Hertfordshire,town council1,/wiki/Chorleywood
Christchurch,Dorset,borough (1886–1974),"/wiki/Christchurch,_Dorset"
Chudleigh,Devon,town council,/wiki/Chudleigh
Chulmleigh,Devon,market charter,/wiki/Chulmleigh
Church Stretton,Shropshire,town council,/wiki/Church_Stretton
Cinderford,Gloucestershire,town council,/wiki/Cinderford
Cirencester,Gloucestershire,town council1,/wiki/Cirencester
Clare,Suffolk,market charter,"/wiki/Clare,_Suffolk"
Clay Cross,Derbyshire,town council1,/wiki/Clay_Cross
Cleator Moor,Cumbria,town council,/wiki/Cleator_Moor
Cleethorpes,Lincolnshire,charter trustees,/wiki/Cleethorpes
Cleobury Mortimer,Shropshire,market charter,/wiki/Cleobury_Mortimer
Clevedon,Somerset,town council1,/wiki/Clevedon
Clitheroe,Lancashire,town council1,/wiki/Clitheroe
Clun,Shropshire,town council,/wiki/Clun
Coalville,Leicestershire,town council,/wiki/Coalville
Cockermouth,Cumbria,town council1,/wiki/Cockermouth
Coggeshall,Essex,market charter,/wiki/Coggeshall
Colburn,North Yorkshire,town council,"/wiki/Colburn,_North_Yorkshire"
Colchester,Essex,borough (1835–1974),/wiki/Colchester
Coleford,Gloucestershire,town council,"/wiki/Coleford,_Gloucestershire"
Coleshill,Warwickshire,town council,"/wiki/Coleshill,_Warwickshire"
Colne,Lancashire,town council,/wiki/Colne
Colyton,Devon,market charter,"/wiki/Colyton,_Devon"
Congleton,Cheshire,town council,/wiki/Congleton
Conisbrough,South Yorkshire,market charter,/wiki/Conisbrough
Corbridge,Northumberland,market charter,/wiki/Corbridge
Corby,Northamptonshire,market charter,/wiki/Corby
Corringham,Essex,market charter,"/wiki/Corringham,_Essex"
Corsham,Wiltshire,town council,/wiki/Corsham
Cotgrave,Nottinghamshire,town council,/wiki/Cotgrave
Cowes,Isle of Wight,town council,/wiki/Cowes
Coulsdon,Greater London,Municipal Borough (1915-1965),/wiki/Coulsdon
Cramlington,Northumberland,town council,/wiki/Cramlington
Cranbrook,Kent,market charter,"/wiki/Cranbrook,_Kent"
Craven Arms,Shropshire,town council,/wiki/Craven_Arms
Crawley,West Sussex,market charter,/wiki/Crawley
Crediton,Devon,town council1,/wiki/Crediton
Crewe,Cheshire,charter trustees,/wiki/Crewe
Crewkerne,Somerset,town council1,/wiki/Crewkerne
Cricklade,Wiltshire,town council,/wiki/Cricklade
Cromer,Norfolk,town council1,/wiki/Cromer
Crook,County Durham,market charter,"/wiki/Crook,_County_Durham"
Crosby,Merseyside,borough (1937–1974),"/wiki/Crosby,_Merseyside"
Crowborough,East Sussex,town council,/wiki/Crowborough
Croydon,Greater London,borough (1883–1965),/wiki/Croydon
Crowland,Lincolnshire,market charter,/wiki/Crowland
Crowle,Lincolnshire,town council,"/wiki/Crowle,_Lincolnshire"
Cullompton,Devon,town council,/wiki/Cullompton
Dagenham,Greater London,borough (1938–1965),/wiki/Dagenham
Dalton Town with Newton,Cumbria,town council,/wiki/Dalton_Town_with_Newton
Darley Dale,Derbyshire,town council,/wiki/Darley_Dale
Darlington,Durham,borough (1867–1974),/wiki/Darlington
Dartford,Kent,charter trustees (abolished 1977),/wiki/Dartford
Dartmouth,Devon,town council1,"/wiki/Dartmouth,_Devon"
Darwen,Lancashire,town council,/wiki/Darwen
Daventry,Northamptonshire,town council,/wiki/Daventry
Dawley,Shropshire,town council,/wiki/Dawley
Dawlish,Devon,town council1,/wiki/Dawlish
Deal,Kent,town council,"/wiki/Deal,_Kent"
Denholme,West Yorkshire,town council,/wiki/Denholme
Dereham,Norfolk,town council1,/wiki/Dereham
Desborough,Northamptonshire,town council1,/wiki/Desborough
Devizes,Wiltshire,town council1,/wiki/Devizes
Dewsbury,West Yorkshire,borough (1862–1974),/wiki/Dewsbury
Didcot,Oxfordshire,town council,/wiki/Didcot
Dinnington St John's,South Yorkshire,town council,"/wiki/Dinnington,_South_Yorkshire"
Diss,Norfolk,town council1,/wiki/Diss
Doncaster,South Yorkshire,borough (1835–1974),/wiki/Doncaster
Dorchester,Dorset,town council1,"/wiki/Dorchester,_Dorset"
Dorking,Surrey,market charter,/wiki/Dorking
Dover,Kent,town council,/wiki/Dover
Dovercourt,Essex,market charter,/wiki/Dovercourt
Downham Market,Norfolk,town council1,/wiki/Downham_Market
Driffield,East Riding of Yorkshire,town council,/wiki/Driffield
Droitwich Spa,Worcestershire,town council1,/wiki/Droitwich_Spa
Dronfield,Derbyshire,town council1,/wiki/Dronfield
Dudley,West Midlands,borough (1865–1974),/wiki/Dudley
Dukinfield,Greater Manchester,borough (1899–1974),/wiki/Dukinfield
Dulverton,Somerset,town council,/wiki/Dulverton
Dunstable,Bedfordshire,town council,/wiki/Dunstable
Dunwich,Suffolk,market charter,/wiki/Dunwich
Dursley,Gloucestershire,town council,/wiki/Dursley
Ealing,Greater London,borough (1901–1965),/wiki/Ealing
Earby,Lancashire,town council,/wiki/Earby
Earl Shilton,Leicestershire,town council,/wiki/Earl_Shilton
Earley,Berkshire,town council,/wiki/Earley
Easingwold,North Yorkshire,town council,/wiki/Easingwold
East Cowes,Isle of Wight,town council,/wiki/East_Cowes
East Grinstead,West Sussex,town council1,/wiki/East_Grinstead
East Ham,Greater London,borough (1904–1965),/wiki/East_Ham
Eastbourne,East Sussex,borough (1883–1974),/wiki/Eastbourne
Eastleigh,Hampshire,borough (1936–1974),/wiki/Eastleigh
East Retford,Nottinghamshire,charter trustees,/wiki/Retford
Eastwood,Nottinghamshire,town council1,"/wiki/Eastwood,_Nottinghamshire"
Eccles,Greater Manchester,borough (1892–1974),"/wiki/Eccles,_Greater_Manchester"
Eccleshall,Staffordshire,market charter,/wiki/Eccleshall
Edenbridge,Kent,town council,"/wiki/Edenbridge,_Kent"
Edgware,Greater London,market charter,/wiki/Edgware
Edmonton,Greater London,borough (1937–1965),"/wiki/Edmonton,_London"
Egremont,Cumbria,town council,"/wiki/Egremont,_Cumbria"
Elland,West Yorkshire,market charter,/wiki/Elland
Ellesmere,Shropshire,town council,"/wiki/Ellesmere,_Shropshire"
Ellesmere Port,Cheshire,charter trustees,/wiki/Ellesmere_Port
Elstree and Borehamwood,Hertfordshire,town council,/wiki/Elstree_and_Borehamwood
Emsworth,Hampshire,market charter,/wiki/Emsworth
Enfield,Greater London,borough (1955–1965),/wiki/Enfield_Town
Epping,Essex,town council1,"/wiki/Epping,_Essex"
Epsom and Ewell,Surrey,borough from 1937[1],/wiki/Epsom_and_Ewell
Epworth,Lincolnshire,town council,"/wiki/Epworth,_Lincolnshire"
Erith,Greater London,borough (1937–1965),/wiki/Erith
Eton,Berkshire,town council1,"/wiki/Eton,_Berkshire"
Evesham,Worcestershire,town council1,/wiki/Evesham
Exmouth,Devon,town council,/wiki/Exmouth
Eye,Suffolk,town council1,"/wiki/Eye,_Suffolk"
Fairford,Gloucestershire,town council,/wiki/Fairford
Fakenham,Norfolk,town council,/wiki/Fakenham
Falmouth,Cornwall,town council1,"/wiki/Falmouth,_Cornwall"
Fareham,Hampshire,market charter,/wiki/Fareham
Faringdon,Oxfordshire,town council,/wiki/Faringdon
Farnborough,Hampshire,town council,"/wiki/Farnborough,_Hampshire"
Farnham,Surrey,town council,/wiki/Farnham
Faversham,Kent,town council1,/wiki/Faversham
Fazeley,Staffordshire,town council,/wiki/Fazeley
Featherstone,West Yorkshire,town council1,/wiki/Featherstone
Felixstowe,Suffolk,town council1,/wiki/Felixstowe
Ferndown,Dorset,town council,/wiki/Ferndown
Ferryhill,Durham,town council,/wiki/Ferryhill
Filey,North Yorkshire,town council1,/wiki/Filey
Filton,Gloucestershire,town council,/wiki/Filton
Finchley,Greater London,borough (1933–1965),/wiki/Finchley
Fleet,Hampshire,town council,"/wiki/Fleet,_Hampshire"
Fleetwood,Lancashire,borough (1933–1974),/wiki/Fleetwood
Flitwick,Bedfordshire,town council,/wiki/Flitwick
Folkestone,Kent,town council,/wiki/Folkestone
Fordbridge,West Midlands,town council,/wiki/Fordbridge
Fordingbridge,Hampshire,town council,/wiki/Fordingbridge
Fordwich,Kent,town council,/wiki/Fordwich
Fowey,Cornwall,town council,/wiki/Fowey
Framlingham,Suffolk,town council,/wiki/Framlingham
Frinton and Walton,Essex,town council1,/wiki/Frinton_and_Walton
Frodsham,Cheshire,town council,/wiki/Frodsham
Frome,Somerset,town council1,/wiki/Frome
Gainsborough,Lincolnshire,town council,"/wiki/Gainsborough,_Lincolnshire"
Garstang,Lancashire,town council,/wiki/Garstang
Gateshead,Tyne and Wear,borough (1835–1974),/wiki/Gateshead
Gillingham,Dorset,town council,"/wiki/Gillingham,_Dorset"
Gillingham,Kent,borough (1903–1974),"/wiki/Gillingham,_Kent"
Glastonbury,Somerset,town council1,/wiki/Glastonbury
Glossop,Derbyshire,borough (1866–1974),/wiki/Glossop
Godalming,Surrey,town council1,/wiki/Godalming
Godmanchester,Cambridgeshire,town council1,/wiki/Godmanchester
Goole,East Riding of Yorkshire,town council,/wiki/Goole
Gorleston,Norfolk,market charter,/wiki/Gorleston
Gosport,Hampshire,borough (1922–1974),/wiki/Gosport
Grange-over-Sands,Cumbria,town council1,/wiki/Grange-over-Sands
Grantham,Lincolnshire,charter trustees,/wiki/Grantham
Grassington,North Yorkshire,market charter,/wiki/Grassington
Gravesend,Kent,borough (1835–1974),"/wiki/Gravesend,_Kent"
Grays,Essex,market charter,/wiki/Grays
Great Dunmow,Essex,town council,/wiki/Great_Dunmow
Great Torrington,Devon,town council1,/wiki/Great_Torrington
Great Yarmouth,Norfolk,borough (1835–1974),/wiki/Great_Yarmouth
Greater Willington,Durham,town council,/wiki/Greater_Willington
Grimsby,Lincolnshire,charter trustees,/wiki/Grimsby
Guildford,Surrey,borough (1835–1974),/wiki/Guildford
Guisborough,North Yorkshire,town council1,/wiki/Guisborough
Hadleigh,Suffolk,town council1,"/wiki/Hadleigh,_Suffolk"
Hailsham,East Sussex,town council,/wiki/Hailsham
Halesowen,West Midlands,borough (1936–1974),/wiki/Halesowen
Halesworth,Suffolk,town council1,/wiki/Halesworth
Halewood,Merseyside,town council,/wiki/Halewood
Halifax,West Yorkshire,borough (1848–1974),"/wiki/Halifax,_West_Yorkshire"
Halstead,Essex,town council1,/wiki/Halstead
Haltwhistle,Northumberland,town council,/wiki/Haltwhistle
Redenhall with Harleston,Norfolk,town council,/wiki/Redenhall_with_Harleston
Harlow,Essex,market charter,/wiki/Harlow
Harpenden,Hertfordshire,town council1,/wiki/Harpenden
Harrogate,North Yorkshire,borough (1884–1974),/wiki/Harrogate
Harrow,Greater London,borough (1954–1965),"/wiki/Harrow,_London"
Hartland,Devon,market charter,"/wiki/Hartland,_Devon"
Hartlepool,Durham,borough (1850–1974),/wiki/Hartlepool
Harwich,Essex,town council1,/wiki/Harwich
Harworth and Bircotes,Nottinghamshire,town council,/wiki/Harworth_and_Bircotes
Haslemere,Surrey,town council1,/wiki/Haslemere
Haslingden,Lancashire,borough (1891–1974),/wiki/Haslingden
Hastings,East Sussex,borough (1835–1974),/wiki/Hastings
Hatfield,Hertfordshire,town council,"/wiki/Hatfield,_Hertfordshire"
Hatfield,South Yorkshire,town council,"/wiki/Hatfield,_South_Yorkshire"
Hatherleigh,Devon,town council,/wiki/Hatherleigh
Havant,Hampshire,market charter,/wiki/Havant
Haverhill,Suffolk,town council,"/wiki/Haverhill,_Suffolk"
Hawkinge,Kent,town council,/wiki/Hawkinge
Haxby,North Yorkshire,town council,/wiki/Haxby
Hawes,North Yorkshire,market charter,/wiki/Hawes
Hayes,Greater London,urban district (1904-1965),"/wiki/Hayes,_Hillingdon"
Hayle,Cornwall,town council,/wiki/Hayle
Haywards Heath,West Sussex,town council,/wiki/Haywards_Heath
Heanor and Loscoe,Derbyshire,town council,/wiki/Heanor_and_Loscoe
Heathfield,East Sussex,market charter,"/wiki/Heathfield,_East_Sussex"
Hebden Royd,West Yorkshire,town council1,/wiki/Hebden_Royd
Hedge End,Hampshire,town council,/wiki/Hedge_End
Hednesford,Staffordshire,town council,/wiki/Hednesford
Hedon,East Riding of Yorkshire,town council1,/wiki/Hedon
Helmsley,North Yorkshire,town council,/wiki/Helmsley
Helston,Cornwall,town council1,/wiki/Helston
Hemel Hempstead,Hertfordshire,charter trustees (abolished 1984),/wiki/Hemel_Hempstead
Hemsworth,West Yorkshire,town council1,/wiki/Hemsworth
Hendon,Greater London,borough (1932–1965),/wiki/Hendon
Henley-in-Arden,Warwickshire,market charter,/wiki/Henley-in-Arden
Henley-on-Thames,Oxfordshire,town council1,/wiki/Henley-on-Thames
Hertford,Hertfordshire,town council1,/wiki/Hertford
Hessle,East Riding of Yorkshire,town council,/wiki/Hessle
Hetton,Tyne and Wear,town council1,/wiki/Hetton-le-Hole
Hexham,Northumberland,town council1,/wiki/Hexham
Heywood,Greater Manchester,borough (1881–1974),"/wiki/Heywood,_Greater_Manchester"
Higham Ferrers,Northamptonshire,town council1,/wiki/Higham_Ferrers
Highbridge,Somerset,market charter,"/wiki/Highbridge,_Somerset"
Highworth,Wiltshire,town council,/wiki/Highworth
High Wycombe,Buckinghamshire,charter trustees,/wiki/High_Wycombe
Hinckley,Leicestershire,market charter,/wiki/Hinckley
Hingham,Norfolk,town council,"/wiki/Hingham,_Norfolk"
Hitchin,Hertfordshire,market charter,/wiki/Hitchin
Hoddesdon,Hertfordshire,market charter,/wiki/Hoddesdon
Holbeach,Lincolnshire,market charter,/wiki/Holbeach
Holsworthy,Devon,town council,"/wiki/Holsworthy,_Devon"
Holt,Norfolk,town council,"/wiki/Holt,_Norfolk"
Honiton,Devon,town council1,/wiki/Honiton
Horley,Surrey,town council,/wiki/Horley
Horncastle,Lincolnshire,town council1,"/wiki/Horncastle,_Lincolnshire"
Hornsea,East Riding of Yorkshire,town council1,/wiki/Hornsea
Hornsey,Greater London,borough (1903–1965),/wiki/Hornsey
Horsforth,West Yorkshire,town council,/wiki/Horsforth
Horsham,West Sussex,town council,/wiki/Horsham
Horwich,Greater Manchester,town council1,/wiki/Horwich
Houghton Regis,Bedfordshire,town council,/wiki/Houghton_Regis
Hounslow,Greater London,Borough,/wiki/Hounslow
Howden,East Riding of Yorkshire,town council,/wiki/Howden
Huddersfield,West Yorkshire,borough (1868–1974),/wiki/Huddersfield
Hungerford,Berkshire,town council,/wiki/Hungerford
Hunstanton,Norfolk,town council1,/wiki/Hunstanton
Huntingdon,Cambridgeshire,town council1,/wiki/Huntingdon
Hyde,Greater Manchester,borough (1881–1974),"/wiki/Hyde,_Greater_Manchester"
Hythe,Kent,town council1,"/wiki/Hythe,_Kent"
Ilford,Greater London,borough (1926–1965),/wiki/Ilford
Ilfracombe,Devon,town council1,/wiki/Ilfracombe
Ilkeston,Derbyshire,charter trustees (abolished 1975),/wiki/Ilkeston
Ilkley,West Yorkshire,1,/wiki/Ilkley
Ilminster,Somerset,town council1,/wiki/Ilminster
Immingham,Lincolnshire,town council,/wiki/Immingham
Ingleby Barwick,North Yorkshire,town council,/wiki/Ingleby_Barwick
Ipswich,Suffolk,borough (1835–1974),/wiki/Ipswich
Irthlingborough,Northamptonshire,town council1,/wiki/Irthlingborough
Ivybridge,Devon,town council,/wiki/Ivybridge
Jarrow,Tyne and Wear,borough (1875–1974),/wiki/Jarrow
Keighley,West Yorkshire,town council,/wiki/Keighley
Kempston,Bedfordshire,town council1,/wiki/Kempston
Kendal,Cumbria,town council1,/wiki/Kendal
Kenilworth,Warwickshire,town council1,/wiki/Kenilworth
Kesgrave,Suffolk,town council,/wiki/Kesgrave
Keswick,Cumbria,town council1,"/wiki/Keswick,_Cumbria"
Kettering,Northamptonshire,borough (1938–1974),/wiki/Kettering
Keynsham,Somerset,town council,/wiki/Keynsham
Kidderminster,Worcestershire,charter trustees,/wiki/Kidderminster
Kidsgrove,Staffordshire,town council1,/wiki/Kidsgrove
Kimberley,Nottinghamshire,town council,"/wiki/Kimberley,_Nottinghamshire"
King's Lynn,Norfolk,borough (1835–1974),/wiki/King%27s_Lynn
Kingsbridge,Devon,town council1,/wiki/Kingsbridge
Kingsteignton,Devon,town council,/wiki/Kingsteignton
Kingston-upon-Thames,Greater London,borough (1835–1965),/wiki/Kingston-upon-Thames
Kington,Herefordshire,town council1,"/wiki/Kington,_Herefordshire"
Kirkby-in-Ashfield,Nottinghamshire,market charter,/wiki/Kirkby-in-Ashfield
Kirkby Lonsdale,Cumbria,town council,/wiki/Kirkby_Lonsdale
Kirkby Stephen,Cumbria,town council,/wiki/Kirkby_Stephen
Kirkbymoorside,North Yorkshire,town council,/wiki/Kirkbymoorside
Kirkham,Lancashire,town council1,"/wiki/Kirkham,_Lancashire"
Kirton-in-Lindsey,Lincolnshire,town council,/wiki/Kirton-in-Lindsey
Knaresborough,North Yorkshire,town council1,/wiki/Knaresborough
Knutsford,Cheshire,town council1,/wiki/Knutsford
Langport,Somerset,town council,/wiki/Langport
Launceston,Cornwall,town council1,"/wiki/Launceston,_Cornwall"
Leatherhead,Surrey,market charter,/wiki/Leatherhead
Lechlade,Gloucestershire,town council,/wiki/Lechlade
Ledbury,Herefordshire,town council,/wiki/Ledbury
Leek,Staffordshire,town council1,"/wiki/Leek,_Staffordshire"
Leigh,Greater Manchester,borough (1899–1974),"/wiki/Leigh,_Greater_Manchester"
Leighton-Linslade,Bedfordshire,town council1,/wiki/Leighton-Linslade
Leigh-on-Sea,Essex,town council,/wiki/Leigh-on-Sea
Leiston,Suffolk,town council1,/wiki/Leiston
Leominster,Herefordshire,town council1,/wiki/Leominster
Letchworth Garden City,Hertfordshire,town council,/wiki/Letchworth_Garden_City
Lewes,East Sussex,town council1,/wiki/Lewes
Leyburn,North Yorkshire,town council,/wiki/Leyburn
Leyland,Lancashire,town council,"/wiki/Leyland,_Lancashire"
Leyton,Greater London,borough (1926–1965),/wiki/Leyton
Liskeard,Cornwall,town council1,/wiki/Liskeard
Littlehampton,West Sussex,town council1,/wiki/Littlehampton
Loddon,Norfolk,market charter,"/wiki/Loddon,_Norfolk"
Loftus,North Yorkshire,town council1,"/wiki/Loftus,_North_Yorkshire"
Long Sutton,Lincolnshire,market charter,"/wiki/Long_Sutton,_Lincolnshire"
Longridge,Lancashire,town council1,/wiki/Longridge
Longtown,Cumbria,market charter,"/wiki/Longtown,_Cumbria"
Looe,Cornwall,town council1,/wiki/Looe
Lostwithiel,Cornwall,town council,/wiki/Lostwithiel
Loughborough,Leicestershire,borough (1888–1974),/wiki/Loughborough
Loughton,Essex,town council,/wiki/Loughton
Louth,Lincolnshire,town council1,"/wiki/Louth,_Lincolnshire"
Lowestoft,Suffolk,charter trustees,/wiki/Lowestoft
Ludgershall,Wiltshire,town council,"/wiki/Ludgershall,_Wiltshire"
Ludlow,Shropshire,town council,/wiki/Ludlow
Luton,Bedfordshire,borough (1876–1974),/wiki/Luton
Lutterworth,Leicestershire,town council,/wiki/Lutterworth
Lydd,Kent,town council1,/wiki/Lydd
Lydney,Gloucestershire,town council,/wiki/Lydney
Lyme Regis,Dorset,town council1,/wiki/Lyme_Regis
Lymington,Hampshire,town council,/wiki/Lymington
Lynton & Lynmouth,Devon,town council1,/wiki/Lynton
Lytchett Minster & Upton,Dorset,town council,"/wiki/Upton,_Dorset"
Lytham St Annes,Lancashire,borough (1922–1974),/wiki/Lytham_St_Annes
Mablethorpe and Sutton,Lincolnshire,town council1,/wiki/Mablethorpe_and_Sutton
Macclesfield,Cheshire,charter trustees,/wiki/Macclesfield
Madeley,Shropshire,market charter,"/wiki/Madeley,_Shropshire"
Maghull,Merseyside,town council,/wiki/Maghull
Maidenhead,Berkshire,borough (1835–1974),/wiki/Maidenhead
Maidstone,Kent,borough (1835–1974),/wiki/Maidstone
Maldon,Essex,town council,"/wiki/Maldon,_Essex"
Malmesbury,Wiltshire,town council1,"/wiki/Malmesbury,_Wiltshire"
Maltby,South Yorkshire,town council,"/wiki/Maltby,_South_Yorkshire"
Malton,North Yorkshire,town council1,"/wiki/Malton,_North_Yorkshire"
Malvern,Worcestershire,town council,"/wiki/Malvern,_Worcestershire"
Manningtree,Essex,town council,/wiki/Manningtree
Mansfield,Nottinghamshire,charter trustees,/wiki/Mansfield
Marazion,Cornwall,town council,/wiki/Marazion
March,Cambridgeshire,town council1,"/wiki/March,_Cambridgeshire"
Margate,Kent,charter trustees,/wiki/Margate
Market Bosworth,Leicestershire,market charter,/wiki/Market_Bosworth
Market Deeping,Lincolnshire,town council,/wiki/Market_Deeping
Market Drayton,Shropshire,town council,/wiki/Market_Drayton
Market Harborough,Leicestershire,market charter,/wiki/Market_Harborough
Market Rasen,Lincolnshire,town council1,/wiki/Market_Rasen
Market Weighton,East Riding of Yorkshire,town council,/wiki/Market_Weighton
Marlborough,Wiltshire,town council1,"/wiki/Marlborough,_Wiltshire"
Marlow,Buckinghamshire,town council1,"/wiki/Marlow,_Buckinghamshire"
Maryport,Cumbria,town council1,/wiki/Maryport
Masham,North Yorkshire,market charter,/wiki/Masham
Matlock,Derbyshire,town council,"/wiki/Matlock,_Derbyshire"
Medlar with Wesham,Lancashire,town council,/wiki/Medlar_with_Wesham
Melksham,Wiltshire,town council1,/wiki/Melksham
Meltham,West Yorkshire,town council1,/wiki/Meltham
Melton Mowbray,Leicestershire,town council,/wiki/Melton_Mowbray
Mere,Wiltshire,town council,"/wiki/Mere,_Wiltshire"
Mexborough,South Yorkshire,market charter,/wiki/Mexborough
Middleham,North Yorkshire,town council,/wiki/Middleham
Middlesbrough,North Yorkshire,borough (1853–1967),/wiki/Middlesbrough
Middleton,Greater Manchester,borough (1886–1974),"/wiki/Middleton,_Greater_Manchester"
Middlewich,Cheshire,town council1,/wiki/Middlewich
Midhurst,West Sussex,town council,/wiki/Midhurst
Midsomer Norton,Somerset,market charter,/wiki/Midsomer_Norton
Mildenhall,Suffolk,market charter,"/wiki/Mildenhall,_Suffolk"
Millom,Cumbria,town council,/wiki/Millom
Minchinhampton,Gloucestershire,market charter,/wiki/Minchinhampton
Minehead,Somerset,town council,/wiki/Minehead
Minster,Kent,market charter,"/wiki/Minster,_Swale"
Mirfield,West Yorkshire,town council,/wiki/Mirfield
Mitcham,Greater London,borough (1934–1965),/wiki/Mitcham
Mitcheldean,Gloucestershire,market charter,/wiki/Mitcheldean
Modbury,Devon,market charter,/wiki/Modbury
Morecambe,Lancashire,town council,/wiki/Morecambe
Moretonhampstead,Devon,market charter,/wiki/Moretonhampstead
Moreton-in-Marsh,Gloucestershire,town council,/wiki/Moreton-in-Marsh
Morley,West Yorkshire,town council,"/wiki/Morley,_West_Yorkshire"
Morpeth,Northumberland,borough (1835–1974),"/wiki/Morpeth,_Northumberland"
Mossley,Greater Manchester,town council,/wiki/Mossley
Much Wenlock,Shropshire,town council,/wiki/Much_Wenlock
Nailsea,Somerset,town council,/wiki/Nailsea
Nailsworth,Gloucestershire,town council1,/wiki/Nailsworth
Nantwich,Cheshire,town council1,/wiki/Nantwich
Needham Market,Suffolk,town council,/wiki/Needham_Market
Nelson,Lancashire,town council,"/wiki/Nelson,_Lancashire"
Neston,Cheshire,town council,/wiki/Neston
New Alresford,Hampshire,town council,/wiki/New_Alresford
New Mills,Derbyshire,town council1,/wiki/New_Mills
New Milton,Hampshire,town council,/wiki/New_Milton
New Romney,Kent,town council1,/wiki/New_Romney
Newark-on-Trent,Nottinghamshire,town council,/wiki/Newark-on-Trent
Newbiggin-by-the-Sea,Northumberland,town council,/wiki/Newbiggin-by-the-Sea
Newbury,Berkshire,town council,"/wiki/Newbury,_Berkshire"
Newcastle-under-Lyme,Staffordshire,borough (1835–1974),/wiki/Newcastle-under-Lyme
Newent,Gloucestershire,town council,/wiki/Newent
Newhaven,East Sussex,town council1,"/wiki/Newhaven,_East_Sussex"
Newlyn,Cornwall,market charter,/wiki/Newlyn
Newmarket,Suffolk,town council,"/wiki/Newmarket,_Suffolk"
Newport,Isle of Wight,borough (1835–1974),"/wiki/Newport,_Isle_of_Wight"
Newport,Shropshire,town council1,"/wiki/Newport,_Shropshire"
Newport Pagnell,Buckinghamshire,town council,/wiki/Newport_Pagnell
Newquay,Cornwall,town council,/wiki/Newquay
Newton Abbot,Devon,town council1,/wiki/Newton_Abbot
Newton Aycliffe,County Durham,town council,/wiki/Newton_Aycliffe
Newton-le-Willows,Merseyside,market charter,/wiki/Newton-le-Willows
Normanton,West Yorkshire,town council1,"/wiki/Normanton,_West_Yorkshire"
North Hykeham,Lincolnshire,town council,/wiki/North_Hykeham
North Petherton,Somerset,town council,/wiki/North_Petherton
North Tawton,Devon,town council,/wiki/North_Tawton
North Walsham,Norfolk,town council1,/wiki/North_Walsham
Northallerton,North Yorkshire,town council1,/wiki/Northallerton
Northam,Devon,town council1,"/wiki/Northam,_Devon"
Northampton,Northamptonshire,borough (1835–1974),/wiki/Northampton
Northfleet,Kent,market charter,/wiki/Northfleet
Northleach with Eastington,Gloucestershire,town council,/wiki/Northleach_with_Eastington
Northwich,Cheshire,town council1,/wiki/Northwich
Norton-on-Derwent,North Yorkshire,town council1,/wiki/Norton-on-Derwent
Nuneaton,Warwickshire,borough (1907–1974),/wiki/Nuneaton
Oakengates,Shropshire,town council,/wiki/Oakengates
Oakham,Rutland,town council1,/wiki/Oakham
Okehampton,Devon,town council1,/wiki/Okehampton
Oldbury,West Midlands,borough (1935–1966),"/wiki/Oldbury,_West_Midlands"
Oldham,Greater Manchester,borough (1849–1974),/wiki/Oldham
Ollerton and Boughton,Nottinghamshire,town council,/wiki/Ollerton_and_Boughton
Olney,Buckinghamshire,town council,"/wiki/Olney,_Buckinghamshire"
Ongar,Essex,town council,/wiki/Chipping_Ongar
Orford,Suffolk,market charter,"/wiki/Orford,_Suffolk"
Ormskirk,Lancashire,market charter,/wiki/Ormskirk
Ossett,West Yorkshire,borough (1890–1974),/wiki/Ossett
Oswestry,Shropshire,town council,/wiki/Oswestry
Otley,West Yorkshire,town council1,/wiki/Otley
Ottery St Mary,Devon,town council1,/wiki/Ottery_St_Mary
Oundle,Northamptonshire,town council1,/wiki/Oundle
Paddock Wood,Kent,town council,/wiki/Paddock_Wood
Padiham,Lancashire,town council,/wiki/Padiham
Padstow,Cornwall,town council,/wiki/Padstow
Paignton,Devon,market charter,/wiki/Paignton
Painswick,Gloucestershire,market charter,/wiki/Painswick
Partington,Greater Manchester,town council,"/wiki/Partington,_Greater_Manchester"
Patchway,Gloucestershire,town council,/wiki/Patchway
Pateley Bridge,North Yorkshire,town council,/wiki/Pateley_Bridge
Peacehaven,East Sussex,town council,/wiki/Peacehaven
Penistone,South Yorkshire,town council1,/wiki/Penistone
Penkridge,Staffordshire,market charter,/wiki/Penkridge
Penrith,Cumbria,market charter,"/wiki/Penrith,_Cumbria"
Penryn,Cornwall,town council1,"/wiki/Penryn,_Cornwall"
Penwortham,Lancashire,town council,/wiki/Penwortham
Penzance,Cornwall,town council,/wiki/Penzance
Pershore,Worcestershire,town council,/wiki/Pershore
Peterlee,Durham,town council,/wiki/Peterlee
Petersfield,Hampshire,town council1,/wiki/Petersfield
Petworth,West Sussex,town council,/wiki/Petworth
Pickering,North Yorkshire,town council1,"/wiki/Pickering,_North_Yorkshire"
Plympton,Devon,market charter,/wiki/Plympton
Pocklington,East Riding of Yorkshire,town council,/wiki/Pocklington
Polegate,East Sussex,town council,/wiki/Polegate
Pontefract,West Yorkshire,borough (1835–1974),/wiki/Pontefract
Ponteland,Northumberland,town council,/wiki/Ponteland
Poole,Dorset,borough (1835–1974),/wiki/Poole
Porthleven,Cornwall,town council,/wiki/Porthleven
Portishead and North Weston,Somerset,town council1,/wiki/Portishead_and_North_Weston
Portland,Dorset,town council1,/wiki/Isle_of_Portland
Potton,Bedfordshire,town council,/wiki/Potton
Poynton-with-Worth,Cheshire,town council,/wiki/Poynton-with-Worth
Preesall,Lancashire,town council1,/wiki/Preesall
Prescot,Merseyside,town council,/wiki/Prescot
Princes Risborough,Buckinghamshire,town council,/wiki/Princes_Risborough
Prudhoe,Northumberland,town council1,/wiki/Prudhoe
Pudsey,West Yorkshire,borough (1900–1974),/wiki/Pudsey
Queenborough-in-Sheppey,Kent,charter trustees (abolished 1977),/wiki/Queenborough
Radstock,Somerset,town council1,/wiki/Radstock
Ramsey,Cambridgeshire,town council1,"/wiki/Ramsey,_Cambridgeshire"
Ramsgate,Kent,town council,/wiki/Ramsgate
Raunds,Northamptonshire,town council1,/wiki/Raunds
Rawtenstall,Lancashire,borough (1891–1974),/wiki/Rawtenstall
Rayleigh,Essex,town council,"/wiki/Rayleigh,_Essex"
Reading,Berkshire,borough (1935–1974),"/wiki/Reading,_Berkshire"
Redcar,North Yorkshire,borough (1921–1967),/wiki/Redcar
Redhill,Surrey,,"/wiki/Redhill,_Surrey"
Redruth,Cornwall,town council,/wiki/Redruth
Reepham,Norfolk,town council,"/wiki/Reepham,_Norfolk"
Reigate,Surrey,borough (1863–1974),/wiki/Reigate
Richmond,Greater London,borough (1890–1965),"/wiki/Richmond,_London"
Richmond,North Yorkshire,town council1,"/wiki/Richmond,_North_Yorkshire"
Ringwood,Hampshire,town council,/wiki/Ringwood
Ripley,Derbyshire,town council1,"/wiki/Ripley,_Derbyshire"
Rochdale,Greater Manchester,borough (1856–1974),/wiki/Rochdale
Rochester,Kent,borough (1835–1974)2,"/wiki/Rochester,_Kent"
Rochford,Essex,market charter,/wiki/Rochford
Romford,Greater London,borough (1937–1965),/wiki/Romford
Romsey,Hampshire,town council1,/wiki/Romsey
Ross-on-Wye,Herefordshire,town council1,/wiki/Ross-on-Wye
Rothbury,Northumberland,market charter,/wiki/Rothbury
Rotherham,South Yorkshire,borough (1871–1974),/wiki/Rotherham
Rothwell,Northamptonshire,town council1,"/wiki/Rothwell,_Northamptonshire"
Rothwell,West Yorkshire,market charter,"/wiki/Rothwell,_West_Yorkshire"
Rowley Regis,West Midlands,borough (1933–1966),/wiki/Rowley_Regis
Royal Leamington Spa,Warwickshire,town council,/wiki/Royal_Leamington_Spa
Royal Tunbridge Wells,Kent,borough (1888–1974),/wiki/Royal_Tunbridge_Wells
Royal Wootton Bassett,Wiltshire,town council,/wiki/Royal_Wootton_Bassett
Royston,Hertfordshire,town council1,"/wiki/Royston,_Hertfordshire"
Rugby,Warwickshire,borough (1932–1974),"/wiki/Rugby,_Warwickshire"
Rugeley,Staffordshire,town council,/wiki/Rugeley
Rushden,Northamptonshire,town council,/wiki/Rushden
Ryde,Isle of Wight,town council,/wiki/Ryde
Rye,East Sussex,town council1,"/wiki/Rye,_East_Sussex"
Saffron Walden,Essex,town council1,/wiki/Saffron_Walden
St Austell,Cornwall,town council,/wiki/St_Austell
St Blaise,Cornwall,town council,/wiki/St_Blazey
St Columb Major,Cornwall,town council,/wiki/St_Columb_Major
St Helens,Merseyside,borough (1868–1974),"/wiki/St_Helens,_Merseyside"
St Ives,Cambridgeshire,town council1,"/wiki/St_Ives,_Cambridgeshire"
St Ives,Cornwall,town council1,"/wiki/St_Ives,_Cornwall"
St Just-in-Penwith,Cornwall,town council1,/wiki/St_Just-in-Penwith
St Mawes,Cornwall,market charter,/wiki/St_Mawes
St Neots,Cambridgeshire,town council1,/wiki/St_Neots
Salcombe,Devon,town council1,/wiki/Salcombe
Sale,Greater Manchester,borough (1935–1974),"/wiki/Sale,_Greater_Manchester"
Saltash,Cornwall,town council1,/wiki/Saltash
Sandbach,Cheshire,town council1,/wiki/Sandbach
Sandhurst,Berkshire,town council,"/wiki/Sandhurst,_Berkshire"
Sandiacre,Derbyshire,market charter,/wiki/Sandiacre
Sandown,Isle of Wight,town council,/wiki/Sandown
Sandwich,Kent,town council1,"/wiki/Sandwich,_Kent"
Sandy,Bedfordshire,town council1,"/wiki/Sandy,_Bedfordshire"
Sawbridgeworth,Hertfordshire,town council1,/wiki/Sawbridgeworth
Saxmundham,Suffolk,town council1,/wiki/Saxmundham
Scarborough,North Yorkshire,borough (1835–1974),"/wiki/Scarborough,_North_Yorkshire"
Scunthorpe,Lincolnshire,charter trustees,/wiki/Scunthorpe
Seaford,East Sussex,town council,"/wiki/Seaford,_East_Sussex"
Seaham,Durham,town council,/wiki/Seaham
Seaton,Devon,town council1,"/wiki/Seaton,_Devon"
Sedbergh,Cumbria,market charter,/wiki/Sedbergh
Sedgefield,County Durham,town council,/wiki/Sedgefield
Selby,North Yorkshire,town council1,/wiki/Selby
Selsey,West Sussex,town council,/wiki/Selsey
Settle,North Yorkshire,town council,"/wiki/Settle,_North_Yorkshire"
Sevenoaks,Kent,town council1,/wiki/Sevenoaks
Shaftesbury,Dorset,town council1,/wiki/Shaftesbury
Shanklin,Isle of Wight,town council,/wiki/Shanklin
Shefford,Bedfordshire,town council,"/wiki/Shefford,_Bedfordshire"
Shepshed,Leicestershire,town council,/wiki/Shepshed
Shepton Mallet,Somerset,town council1,/wiki/Shepton_Mallet
Sherborne,Dorset,town council1,/wiki/Sherborne
Sheringham,Norfolk,town council1,/wiki/Sheringham
Shifnal,Shropshire,town council,/wiki/Shifnal
Shildon,Durham,town council1,/wiki/Shildon
Shipston-on-Stour,Warwickshire,town council,/wiki/Shipston-on-Stour
Shirebrook,Derbyshire,town council,/wiki/Shirebrook
Shoreham-by-Sea,West Sussex,market charter,/wiki/Shoreham-by-Sea
Shrewsbury,Shropshire,town council,/wiki/Shrewsbury
Sidmouth,Devon,town council1,/wiki/Sidmouth
Silloth,Cumbria,town council,/wiki/Silloth
Silsden,West Yorkshire,town council1,/wiki/Silsden
Sittingbourne,Kent,town council,/wiki/Sittingbourne
Skegness,Lincolnshire,town council1,/wiki/Skegness
Skelmersdale,Lancashire,town council,/wiki/Skelmersdale
Skelton-in-Cleveland,North Yorkshire,market charter,/wiki/Skelton-in-Cleveland
Skipton,North Yorkshire,town council1,/wiki/Skipton
Sleaford,Lincolnshire,town council1,/wiki/Sleaford
Slough,Berkshire,borough (1838–1974),/wiki/Slough
Smethwick,West Midlands,borough (1899–1966),/wiki/Smethwick
Snaith and Cowick,East Riding of Yorkshire,town council,/wiki/Snaith_and_Cowick
Snodland,Kent,town council,/wiki/Snodland
Soham,Cambridgeshire,town council,/wiki/Soham
Solihull,West Midlands,borough (1954–1974),/wiki/Solihull
Somerton,Somerset,town council,/wiki/Somerton
South Brent,Devon,market charter,/wiki/South_Brent
South Cave,East Riding of Yorkshire,market charter,/wiki/South_Cave
South Elmsall,West Yorkshire,town council,/wiki/South_Elmsall
South Kirkby and Moorthorpe,West Yorkshire,town council,/wiki/South_Kirkby_and_Moorthorpe
South Molton,Devon,town council,/wiki/South_Molton
South Shields,Tyne and Wear,borough (1850–1974),/wiki/South_Shields
South Woodham Ferrers,Essex,town council,/wiki/South_Woodham_Ferrers
Southam,Warwickshire,town council,/wiki/Southam
Southall,Greater London,borough (1936–1965),/wiki/Southall
Southborough,Kent,town council1,"/wiki/Southborough,_Kent"
Southend-on-Sea,Essex,borough (1892–1974),/wiki/Southend-on-Sea
Southgate,Greater London,borough (1933–1965),"/wiki/Southgate,_London"
Southminster,Essex,market charter,/wiki/Southminster
Southport,Merseyside,borough (1866–1974),/wiki/Southport
Southsea,Hampshire,town council,/wiki/Southsea
Southwell,Nottinghamshire,town council,"/wiki/Southwell,_Nottinghamshire"
Southwick,Hampshire,market charter,"/wiki/Southwick,_Hampshire"
Southwold,Suffolk,town council1,/wiki/Southwold
Spalding,Lincolnshire,town council,"/wiki/Spalding,_Lincolnshire"
Spennymoor,Durham,town council1,/wiki/Spennymoor
Spilsby,Lincolnshire,town council,/wiki/Spilsby
Sprowston,Norfolk,town council,/wiki/Sprowston
Stafford,Staffordshire,borough (1835–1974),/wiki/Stafford
Staines-upon-Thames,Surrey,market charter,/wiki/Staines-upon-Thames
Stainforth,South Yorkshire,town council,"/wiki/Stainforth,_South_Yorkshire"
Stalbridge,Dorset,town council,/wiki/Stalbridge
Stalham,Norfolk,market charter,/wiki/Stalham
Stalybridge,Greater Manchester,borough (1857–1974),/wiki/Stalybridge
Stamford,Lincolnshire,town council1,"/wiki/Stamford,_Lincolnshire"
Stanley,Durham,town council,"/wiki/Stanley,_County_Durham"
Stanhope,Durham,market charter,"/wiki/Stanhope,_County_Durham"
Stapleford,Nottinghamshire,town council,"/wiki/Stapleford,_Nottinghamshire"
Staveley,Derbyshire,town council1,"/wiki/Staveley,_Derbyshire"
Stevenage,Hertfordshire,market charter,/wiki/Stevenage
Steyning,West Sussex,market charter,/wiki/Steyning
St Mary Cray,Greater London,market charter,/wiki/St_Mary_Cray
Stockport,Greater Manchester,borough (1835–1974),/wiki/Stockport
Stocksbridge,South Yorkshire,town council1,/wiki/Stocksbridge
Stockton-on-Tees,Durham/North Yorkshire,borough (1835–1967),/wiki/Stockton-on-Tees
Stone,Staffordshire,town council1,"/wiki/Stone,_Staffordshire"
Stonehouse,Gloucestershire,town council,"/wiki/Stonehouse,_Gloucestershire"
Stony Stratford,Buckinghamshire,town council,/wiki/Stony_Stratford
Stotfold,Bedfordshire,town council,/wiki/Stotfold
Stourbridge,West Midlands,borough (1914–1974),/wiki/Stourbridge
Stourport-on-Severn,Worcestershire,town council1,/wiki/Stourport-on-Severn
Stowmarket,Suffolk,town council1,/wiki/Stowmarket
Stow-on-the-Wold,Gloucestershire,town council,/wiki/Stow-on-the-Wold
Stratford-upon-Avon,Warwickshire,town council1,/wiki/Stratford-upon-Avon
Stretford,Greater Manchester,borough (1933–1974),/wiki/Stretford
Strood,Kent,market charter,/wiki/Strood
Stroud,Gloucestershire,town council,"/wiki/Stroud,_Gloucestershire"
Sturminster Newton,Dorset,town council,/wiki/Sturminster_Newton
Sudbury,Suffolk,town council1,"/wiki/Sudbury,_Suffolk"
Surbiton,Greater London,borough (1936–1965),/wiki/Surbiton
Sutton,Greater London,borough (1934-1965),"/wiki/Sutton,_London"
Sutton Coldfield,West Midlands,market charter,/wiki/Sutton_Coldfield
Swaffham,Norfolk,town council1,/wiki/Swaffham
Swanage,Dorset,town council1,/wiki/Swanage
Swanley,Kent,town council,/wiki/Swanley
Swanscombe and Greenhithe,Kent,town council1,/wiki/Swanscombe_and_Greenhithe
Swindon,Wiltshire,borough (1900–1974),/wiki/Swindon
Syston,Leicestershire,town council,/wiki/Syston
Tadcaster,North Yorkshire,town council,/wiki/Tadcaster
Tadley,Hampshire,town council,/wiki/Tadley
Tamworth,Staffordshire,borough (1835–1974),"/wiki/Tamworth,_Staffordshire"
Taunton,Somerset,borough (1885–1974),/wiki/Taunton
Tavistock,Devon,town council,"/wiki/Tavistock,_Devon"
Teignmouth,Devon,town council1,/wiki/Teignmouth
Telscombe,East Sussex,town council,/wiki/Telscombe
Tenbury Wells,Worcestershire,town council,/wiki/Tenbury_Wells
Tenterden,Kent,town council1,/wiki/Tenterden
Tetbury,Gloucestershire,town council,/wiki/Tetbury
Tewkesbury,Gloucestershire,town council1,/wiki/Tewkesbury
Thame,Oxfordshire,town council1,/wiki/Thame
Thatcham,Berkshire,town council,/wiki/Thatcham
Thaxted,Essex,market charter,/wiki/Thaxted
Thetford,Norfolk,town council1,/wiki/Thetford
Thirsk,North Yorkshire,town council,/wiki/Thirsk
Thornaby-on-Tees,North Yorkshire,town council,/wiki/Thornaby-on-Tees
Thornbury,Gloucestershire,town council,"/wiki/Thornbury,_South_Gloucestershire"
Thorne,South Yorkshire,town council,"/wiki/Thorne,_South_Yorkshire"
Thorpe St Andrew,Norfolk,town council,/wiki/Thorpe_St_Andrew
Thrapston,Northamptonshire,town council,/wiki/Thrapston
Tickhill,South Yorkshire,town council1,/wiki/Tickhill
Tidworth,Wiltshire,town council,/wiki/Tidworth
Tipton,West Midlands,borough (1938–1966),/wiki/Tipton
Tiverton,Devon,town council1,"/wiki/Tiverton,_Devon"
Todmorden,West Yorkshire,town council1,/wiki/Todmorden
Tonbridge,Kent,market charter,/wiki/Tonbridge
Topsham,Devon,market charter,"/wiki/Topsham,_Devon"
Torpoint,Cornwall,town council1,/wiki/Torpoint
Torquay,Devon,borough (1892–1974),/wiki/Torquay
Totnes,Devon,town council1,/wiki/Totnes
Tottenham,Greater London,borough (1934–1965),/wiki/Tottenham
Totton and Eling,Hampshire,town council,/wiki/Totton_and_Eling
Tow Law,Durham,town council1,/wiki/Tow_Law
Towcester,Northamptonshire,town council,/wiki/Towcester
Tring,Hertfordshire,town council1,/wiki/Tring
Trowbridge,Wiltshire,town council1,/wiki/Trowbridge
Twickenham,Greater London,borough (1926–1965),/wiki/Twickenham
Tynemouth,Tyne and Wear,borough (1849–1974),/wiki/Tynemouth
Uckfield,East Sussex,town council,/wiki/Uckfield
Ulverston,Cumbria,town council1,/wiki/Ulverston
Uppingham,Rutland,town council,/wiki/Uppingham
Upton-upon-Severn,Worcestershire,town council,/wiki/Upton-upon-Severn
Uttoxeter,Staffordshire,town council1,/wiki/Uttoxeter
Uxbridge,Greater London,borough (1955–1965),/wiki/Uxbridge
Ventnor,Isle of Wight,town council1,/wiki/Ventnor
Verwood,Dorset,town council,/wiki/Verwood
Wadebridge,Cornwall,town council,/wiki/Wadebridge
Wadhurst,East Sussex,market charter,/wiki/Wadhurst
Wainfleet All Saints,Lincolnshire,town council,"/wiki/Wainfleet,_Lincolnshire"
Wallasey,Merseyside,borough (1910–1974),/wiki/Wallasey
Wallsend,Tyne and Wear,borough (1901–1974),/wiki/Wallsend
Wallingford,Oxfordshire,town council1,"/wiki/Wallingford,_Oxfordshire"
Walsall,West Midlands,borough (1835–1974),/wiki/Walsall
Waltham Abbey,Essex,town council1,/wiki/Waltham_Abbey_(town)
Waltham Cross,Hertfordshire,market charter,/wiki/Waltham_Cross
Walthamstow,Greater London,borough (1926–1965),/wiki/Walthamstow
Walton-on-Thames,Surrey,market charter,/wiki/Walton-on-Thames
Wantage,Oxfordshire,town council1,/wiki/Wantage
Ware,Hertfordshire,town council1,"/wiki/Ware,_Hertfordshire"
Wareham,Dorset,town council1,"/wiki/Wareham,_Dorset"
Warminster,Wiltshire,town council1,/wiki/Warminster
Warrington,Cheshire,borough (1847–1974),/wiki/Warrington
Warwick,Warwickshire,town council1,/wiki/Warwick
Watchet,Somerset,town council1,/wiki/Watchet
Watford,Hertfordshire,borough (1922–1974),/wiki/Watford
Wath-upon-Dearne,South Yorkshire,market charter,/wiki/Wath-upon-Dearne
Watlington,Oxfordshire,market charter,"/wiki/Watlington,_Oxfordshire"
Watton,Norfolk,town council,"/wiki/Watton,_Norfolk"
Wellingborough,Northamptonshire,market charter,/wiki/Wellingborough
Wednesbury,West Midlands,borough (1886 - 1966),/wiki/Wednesbury
Wellington,Shropshire,town council,"/wiki/Wellington,_Shropshire"
Wellington,Somerset,town council1,"/wiki/Wellington,_Somerset"
Wells-next-the-Sea,Norfolk,town council1,/wiki/Wells-next-the-Sea
Wem,Shropshire,town council,/wiki/Wem
Wembley,Greater London,borough (1937–1965),/wiki/Wembley
Wendover,Buckinghamshire,market charter,/wiki/Wendover
West Bedlington,Northumberland,town council,/wiki/West_Bedlington
West Bromwich,West Midlands,borough (1882–1974),/wiki/West_Bromwich
West Ham,Greater London,borough (1886–1965),/wiki/West_Ham
West Malling,Kent,market charter,/wiki/West_Malling
West Mersea,Essex,town council1,/wiki/West_Mersea
West Tilbury,Essex,market charter,/wiki/West_Tilbury
Westbury,Wiltshire,town council1,"/wiki/Westbury,_Wiltshire"
Westerham,Kent,market charter,/wiki/Westerham
Westhoughton,Greater Manchester,town council,/wiki/Westhoughton
Weston-super-Mare,Somerset,town council,/wiki/Weston-super-Mare
Wetherby,West Yorkshire,town council,/wiki/Wetherby
Weybridge,Surrey,market charter,/wiki/Weybridge
Weymouth,Dorset,town council,"/wiki/Weymouth,_Dorset"
Whaley Bridge,Derbyshire,town council1,/wiki/Whaley_Bridge
Whitby,North Yorkshire,town council1,/wiki/Whitby
Whitchurch,Hampshire,town council,"/wiki/Whitchurch,_Hampshire"
Whitchurch,Shropshire,town council,"/wiki/Whitchurch,_Shropshire"
Whitehaven,Cumbria,borough (1894–1974),/wiki/Whitehaven
Whitehill,Hampshire,town council,"/wiki/Whitehill,_Hampshire"
Whitnash,Warwickshire,town council,/wiki/Whitnash
Whittlesey,Cambridgeshire,town council,/wiki/Whittlesey
Whitworth,Lancashire,town council1,"/wiki/Whitworth,_Lancashire"
Wickham,Hampshire,market charter,/wiki/Wickham
Wickwar,Gloucestershire,market charter,/wiki/Wickwar
Widnes,Cheshire,borough (1892–1974),/wiki/Widnes
Wigan,Greater Manchester,borough (1835–1974),/wiki/Wigan
Wigton,Cumbria,town council,/wiki/Wigton
Willenhall,West Midlands,market charter,/wiki/Willenhall
Willesden,Greater London,borough (1933–1965),/wiki/Willesden
Wilton,Wiltshire,town council1,"/wiki/Wilton,_Wiltshire"
Wilmslow,Cheshire,town council,/wiki/Wilmslow
Wimbledon,Greater London,borough (1905–1965),"/wiki/Wimbledon,_London"
Wimborne Minster,Dorset,town council1,/wiki/Wimborne_Minster
Wincanton,Somerset,town council,/wiki/Wincanton
Winchcombe,Gloucestershire,town council,/wiki/Winchcombe
Winchelsea,East Sussex,market charter,/wiki/Winchelsea
Windermere,Cumbria,town council1,"/wiki/Windermere,_Cumbria_(town)"
Windsor,Berkshire,borough (1835–1974),"/wiki/Windsor,_Berkshire"
Winsford,Cheshire,town council1,/wiki/Winsford
Winslow,Buckinghamshire,town council,"/wiki/Winslow,_Buckinghamshire"
Winterton,Lincolnshire,town council,"/wiki/Winterton,_Lincolnshire"
Wirksworth,Derbyshire,town council1,/wiki/Wirksworth
Wisbech,Cambridgeshire,town council1,/wiki/Wisbech
Witham,Essex,town council,/wiki/Witham
Withernsea,East Riding of Yorkshire,town council,/wiki/Withernsea
Witney,Oxfordshire,town council1,/wiki/Witney
Wiveliscombe,Somerset,town council,/wiki/Wiveliscombe
Wivenhoe,Essex,town council1,/wiki/Wivenhoe
Woburn,Bedfordshire,market charter,"/wiki/Woburn,_Bedfordshire"
Woburn Sands,Buckinghamshire,town council,/wiki/Woburn_Sands
Woking,Surrey,market charter,/wiki/Woking
Wokingham,Berkshire,town council1,/wiki/Wokingham
Wolsingham,Durham,market charter,/wiki/Wolsingham
Wolverton and Greenleys,Buckinghamshire,town council,/wiki/Wolverton_and_Greenleys
Wood Green,Greater London,borough (1933–1965),/wiki/Wood_Green
Woodbridge,Suffolk,town council1,"/wiki/Woodbridge,_Suffolk"
Woodley,Berkshire,town council,"/wiki/Woodley,_Berkshire"
Woodstock,Oxfordshire,town council1,"/wiki/Woodstock,_Oxfordshire"
Wooler,Northumberland,market charter,/wiki/Wooler
Workington,Cumbria,town council,/wiki/Workington
Worksop,Nottinghamshire,charter trustees,/wiki/Worksop
Worthing,West Sussex,borough (1890–1974),/wiki/Worthing
Wotton-under-Edge,Gloucestershire,town council,/wiki/Wotton-under-Edge
Wragby,Lincolnshire,town council,/wiki/Wragby
Wymondham,Norfolk,town council1,/wiki/Wymondham
Yarm,North Yorkshire,town council,/wiki/Yarm
Yarmouth,Isle of Wight,town council,"/wiki/Yarmouth,_Isle_of_Wight"
Yate,Gloucestershire,town council,/wiki/Yate
Yateley,Hampshire,town council,/wiki/Yateley
Yeovil,Somerset,town council,/wiki/Yeovil
Basildon,Essex,new town (designated 1949),/wiki/Basildon
Bracknell,Berkshire,new town (designated 1949),/wiki/Bracknell
Milton Keynes,Buckinghamshire,new town (designated 1967),/wiki/Milton_Keynes
Redditch,Worcestershire,new town (designated 1964),/wiki/Redditch
Telford,Shropshire,new town (designated 1968),/wiki/Telford
Washington,Tyne and Wear,new town (designated 1964),"/wiki/Washington,_Tyne_and_Wear"
Welwyn Garden City,Hertfordshire,new town (designated 1948),/wiki/Welwyn_Garden_City
